乳腺癌,0,tumor:316,other:0
化疗,1,tumor:205,other:0
晚期,2,tumor:182,other:1
肝癌,3,tumor:215,other:0
癌栓,4,tumor:200,other:0
几期,5,tumor:500,other:0
子宫内膜癌,6,tumor:1000,other:0
阴道,7,tumor:3,other:2
正常,8,tumor:9,other:17
排液,9,tumor:2,other:0
表现,10,tumor:29,other:2
急性白血病,11,tumor:1000,other:0
治疗,12,tumor:364,other:71
胃癌,13,tumor:237,other:0
术后,14,tumor:104,other:11
护理,15,tumor:10,other:0
作用,16,tumor:20,other:2
乳房,17,tumor:19,other:22
切掉,18,tumor:4,other:0
发烧,19,tumor:9,other:64
腔内,20,tumor:15,other:0
放疗,21,tumor:344,other:0
注意事项,22,tumor:20,other:0
卵巢癌,23,tumor:66,other:1
治愈,24,tumor:53,other:4
淋巴结,25,tumor:12,other:7
右腿,26,tumor:1,other:4
传染,27,tumor:51,other:6
靶向,28,tumor:31,other:0
药物,29,tumor:13,other:7
宫颈癌,30,tumor:78,other:1
饮食,31,tumor:50,other:4
放射性肺炎,32,tumor:1000,other:0
症状,33,tumor:169,other:38
腹泻,34,tumor:10,other:6
结肠癌,35,tumor:174,other:0
缺点,36,tumor:4,other:0
膀胱癌,37,tumor:230,other:0
全切,38,tumor:9,other:1
复发,39,tumor:37,other:5
转移,40,tumor:106,other:3
白血病,41,tumor:140,other:0
维持,42,tumor:1,other:0
生命,43,tumor:3,other:0
中期,44,tumor:28,other:0
咨询,45,tumor:29,other:24
检查,46,tumor:76,other:40
肠镜,47,tumor:1,other:0
大便,48,tumor:14,other:22
出血,49,tumor:4,other:27
癌症,50,tumor:350,other:1
放射,51,tumor:5,other:0
鼻咽癌,52,tumor:660,other:5
肠癌,53,tumor:270,other:0
不良反应,54,tumor:15,other:1
食道癌,55,tumor:450,other:0
早期,56,tumor:127,other:0
操作步骤,57,tumor:4,other:0
血管瘤,58,tumor:560,other:3
楔形板,59,tumor:2,other:0
肺癌,60,tumor:218,other:0
复查,61,tumor:25,other:7
并发症,62,tumor:14,other:1
放射治疗,63,tumor:95,other:0
影响,64,tumor:27,other:41
疗效,65,tumor:18,other:0
结肠,66,tumor:1,other:1
肝曲癌,67,tumor:100,other:0
预防,68,tumor:38,other:0
直肠癌,69,tumor:204,other:0
乙肝,70,tumor:5,other:4
慢性,71,tumor:10,other:5
粒细胞,72,tumor:5,other:0
吃格尼,73,tumor:1,other:0
成瘾性,74,tumor:1,other:0
胃镜,75,tumor:2,other:0
十二指肠息肉,76,tumor:1,other:0
药膏,77,tumor:2,other:0
确诊,78,tumor:27,other:1
肿瘤,79,tumor:134,other:4
B超,80,tumor:4,other:1
治疗方案,81,tumor:6,other:1
注意,82,tumor:43,other:6
描述,83,tumor:1,other:0
恶性黑色素瘤,84,tumor:140,other:0
高龄,85,tumor:3,other:0
下肢,86,tumor:2,other:3
骨癌,87,tumor:340,other:0
水果,88,tumor:8,other:0
灵芝,89,tumor:2,other:1
自行,90,tumor:2,other:0
消退,91,tumor:2,other:2
皮肤癌,92,tumor:380,other:0
诊断,93,tumor:29,other:8
期间,94,tumor:31,other:12
临床表现,95,tumor:6,other:0
特需,96,tumor:1,other:0
门诊,97,tumor:5,other:1
几楼,98,tumor:2,other:0
食管癌,99,tumor:130,other:1
情况,100,tumor:54,other:49
需要,101,tumor:28,other:18
内镜,102,tumor:4,other:0
黏膜,103,tumor:4,other:4
切除术,104,tumor:4,other:0
活多久,105,tumor:56,other:1
关系,106,tumor:13,other:13
这能,107,tumor:2,other:0
血象,108,tumor:2,other:0
导致,109,tumor:40,other:33
头晕头痛,110,tumor:1,other:0
加重,111,tumor:4,other:0
恶心,112,tumor:5,other:9
喷射性呕吐,113,tumor:1,other:0
视物模糊,114,tumor:1,other:0
高压,115,tumor:1,other:0
处理,116,tumor:22,other:16
afp,117,tumor:100,other:0
筛查,118,tumor:3,other:2
检测,119,tumor:6,other:4
支持,120,tumor:2,other:0
健康,121,tumor:4,other:3
细胞,122,tumor:16,other:0
甲状腺,123,tumor:5,other:3
乳头状癌,124,tumor:500,other:0
联合,125,tumor:6,other:2
造口,126,tumor:3,other:0
红花,127,tumor:3,other:0
射频,128,tumor:2,other:1
消融,129,tumor:2,other:0
中晚期,130,tumor:22,other:0
屁股,131,tumor:1,other:8
尾椎,132,tumor:1,other:0
骨转移,133,tumor:100,other:0
危害,134,tumor:7,other:4
老年人,135,tumor:10,other:4
生育,136,tumor:4,other:0
保持,137,tumor:1,other:1
体位,138,tumor:7,other:0
固定,139,tumor:3,other:0
过期,140,tumor:1,other:2
油烟,141,tumor:1,other:0
身体,142,tumor:9,other:22
有害,143,tumor:2,other:2
非小细胞肺癌,144,tumor:400,other:0
方法,145,tumor:65,other:15
母亲,146,tumor:7,other:4
女儿,147,tumor:2,other:8
遗传,148,tumor:13,other:1
妈妈,149,tumor:5,other:13
便秘,150,tumor:6,other:15
现在,151,tumor:9,other:38
之前,152,tumor:1,other:6
腺癌,153,tumor:140,other:0
大概,154,tumor:2,other:5
要花,155,tumor:2,other:0
运动,156,tumor:3,other:9
排便,157,tumor:2,other:7
怎么办,158,tumor:78,other:55
胶质瘤,159,tumor:700,other:0
这是,160,tumor:28,other:66
初期,161,tumor:9,other:1
帮着,162,tumor:3,other:0
是否,163,tumor:6,other:7
改观,164,tumor:3,other:0
头颅,165,tumor:2,other:0
综合,166,tumor:14,other:2
次序,167,tumor:2,other:0
先后,168,tumor:2,other:0
有无,169,tumor:2,other:0
怀疑,170,tumor:13,other:6
心理,171,tumor:1,other:16
害怕,172,tumor:7,other:4
忧虑,173,tumor:1,other:0
还是,174,tumor:14,other:0
中医,175,tumor:14,other:3
副作用,176,tumor:32,other:8
不能治愈,177,tumor:2,other:0
做手术,178,tumor:21,other:11
分子,179,tumor:8,other:0
肤对脑,180,tumor:1,other:0
抽烟,181,tumor:1,other:0
手术,182,tumor:128,other:70
看看,183,tumor:5,other:9
早胸,184,tumor:1,other:0
结水,185,tumor:1,other:0
疼期,186,tumor:1,other:0
胸腺,187,tumor:1,other:1
占位,188,tumor:4,other:0
恶性,189,tumor:240,other:2
脑瘤,190,tumor:150,other:0
准备,191,tumor:2,other:0
工作,192,tumor:4,other:2
血常规,193,tumor:6,other:3
一切正常,194,tumor:1,other:0
是不是,195,tumor:18,other:21
得白,196,tumor:1,other:0
昆明,197,tumor:1,other:0
附二,198,tumor:1,other:0
几天,199,tumor:3,other:57
报考,200,tumor:1,other:0
肝硬化,201,tumor:8,other:2
疙瘩,202,tumor:7,other:37
同事,203,tumor:1,other:2
干得,204,tumor:1,other:0
右侧,205,tumor:5,other:18
腋下,206,tumor:3,other:1
皮内,207,tumor:1,other:0
小米,208,tumor:1,other:0
头颈部,209,tumor:20,other:0
时需,210,tumor:1,other:0
扩散,211,tumor:27,other:0
介入治疗,212,tumor:11,other:0
有用吗,213,tumor:2,other:0
性病变,214,tumor:1,other:0
进行,215,tumor:13,other:1
困难,216,tumor:3,other:5
新辅助化疗,217,tumor:200,other:0
分化,218,tumor:6,other:0
llB,219,tumor:1,other:0
确保,220,tumor:1,other:0
实施,221,tumor:1,other:0
精确性,222,tumor:1,other:0
胸透,223,tumor:2,other:0
查出,224,tumor:17,other:7
常见,225,tumor:5,other:0
减轻,226,tumor:8,other:2
副反应,227,tumor:8,other:0
甲鱼,228,tumor:2,other:0
觉得,229,tumor:1,other:13
胃病,230,tumor:1,other:2
胰腺癌,231,tumor:41,other:0
项目,232,tumor:7,other:1
早幼,233,tumor:2,other:0
纯奶,234,tumor:1,other:0
直肠癌术后,235,tumor:22,other:0
知道,236,tumor:7,other:59
糜烂,237,tumor:1,other:2
感染,238,tumor:4,other:10
手首,239,tumor:1,other:0
背长,240,tumor:1,other:0
一颗,241,tumor:1,other:7
不痛不痒,242,tumor:2,other:8
的严重,243,tumor:1,other:0
提供,244,tumor:1,other:0
报告,245,tumor:10,other:11
建议,246,tumor:5,other:3
药方子,247,tumor:1,other:0
卵巢,248,tumor:4,other:0
上皮性,249,tumor:2,other:0
癌用,250,tumor:200,other:0
化疗方案,251,tumor:600,other:0
回复,252,tumor:3,other:0
急性,253,tumor:11,other:6
淋巴细胞白血病,254,tumor:1,other:0
那些,255,tumor:5,other:0
多发,256,tumor:4,other:1
病理,257,tumor:12,other:3
喉癌,258,tumor:21,other:0
后背,259,tumor:1,other:10
刺痛,260,tumor:2,other:16
针刺痛,261,tumor:1,other:0
胃部,262,tumor:6,other:2
疾病,263,tumor:8,other:6
疼痛,264,tumor:190,other:54
区别,265,tumor:26,other:3
肾癌,266,tumor:14,other:0
哪几种,267,tumor:15,other:0
类型,268,tumor:15,other:0
半枝莲,269,tumor:1,other:0
白花蛇草,270,tumor:1,other:0
抗癌,271,tumor:600,other:0
抗瘤,272,tumor:100,other:0
效果,273,tumor:29,other:10
软组织肿瘤,274,tumor:200,other:0
后会,275,tumor:1,other:3
其他人,276,tumor:1,other:0
辐射,277,tumor:3,other:1
Ma,278,tumor:1,other:0
患儿,279,tumor:2,other:0
经过,280,tumor:2,other:0
步骤,281,tumor:3,other:0
甲胎蛋白,282,tumor:6,other:2
AFP,283,tumor:1,other:0
多少,284,tumor:14,other:4
便是,285,tumor:1,other:4
老爸,286,tumor:3,other:0
介入,287,tumor:7,other:2
腹部,288,tumor:2,other:5
确定,289,tumor:5,other:2
位置,290,tumor:5,other:21
有时候,291,tumor:2,other:36
有没有,292,tumor:25,other:41
治療,293,tumor:2,other:0
法有,294,tumor:2,other:0
肾脏,295,tumor:2,other:1
肿块,296,tumor:17,other:4
穿刺,297,tumor:7,other:0
活检,298,tumor:8,other:0
电切,299,tumor:1,other:0
化脓,300,tumor:1,other:6
入院,301,tumor:1,other:0
消炎,302,tumor:1,other:1
易瑞加量,303,tumor:1,other:0
严重,304,tumor:4,other:10
腹胀,305,tumor:5,other:1
按着,306,tumor:2,other:2
相关,307,tumor:6,other:2
这个,308,tumor:8,other:12
病是,309,tumor:1,other:0
淋巴结肿大,310,tumor:3,other:5
消炎药,311,tumor:3,other:2
同步,312,tumor:1,other:0
放化疗,313,tumor:140,other:0
详细,314,tumor:1,other:0
一下,315,tumor:6,other:15
有关,316,tumor:1,other:0
事宜,317,tumor:1,other:0
斗篷野,318,tumor:2,other:0
照射,319,tumor:200,other:0
脱发,320,tumor:10,other:3
结肠炎,321,tumor:2,other:0
不良,322,tumor:2,other:1
糖类抗原,323,tumor:3,other:0
CA,324,tumor:2,other:0
指标,325,tumor:5,other:1
几个,326,tumor:6,other:13
小时,327,tumor:1,other:12
油漆味,328,tumor:1,other:0
计算机,329,tumor:4,other:0
计划,330,tumor:5,other:1
系统,331,tumor:2,other:0
重要性,332,tumor:2,other:0
肺部,333,tumor:16,other:4
结结,334,tumor:1,other:0
cm,335,tumor:2,other:6
鼻腔,336,tumor:8,other:9
淋巴瘤,337,tumor:190,other:0
NKT,338,tumor:5,other:0
痔疮,339,tumor:8,other:18
机率,340,tumor:1,other:0
后代,341,tumor:1,other:0
能治,342,tumor:13,other:0
这边,343,tumor:1,other:0
进食,344,tumor:8,other:1
吐血,345,tumor:2,other:4
切除,346,tumor:35,other:6
多久,347,tumor:26,other:24
海口,348,tumor:1,other:0
老人,349,tumor:7,other:16
发现,350,tumor:17,other:56
一年,351,tumor:5,other:16
还会,352,tumor:10,other:0
粘连,353,tumor:1,other:0
怀孕,354,tumor:6,other:23
白细胞减少,355,tumor:1,other:0
能补,356,tumor:1,other:0
过程,357,tumor:13,other:0
小细胞肺癌,358,tumor:130,other:0
男岁,359,tumor:7,other:17
后能,360,tumor:6,other:2
蔬菜,361,tumor:1,other:0
骨肉瘤,362,tumor:170,other:0
发病,363,tumor:4,other:0
模拟定位,364,tumor:5,other:0
机它,365,tumor:2,other:0
病因,366,tumor:4,other:2
头痛,367,tumor:8,other:7
十二指肠降部,368,tumor:1,other:0
级别,369,tumor:1,other:0
上皮,370,tumor:2,other:1
内瘤,371,tumor:100,other:0
变是,372,tumor:1,other:0
良性,373,tumor:9,other:0
姑息性,374,tumor:11,other:0
女性,375,tumor:11,other:5
感谢您,376,tumor:1,other:0
已经,377,tumor:5,other:5
昏迷,378,tumor:2,other:1
三次,379,tumor:1,other:2
淋巴癌,380,tumor:90,other:0
利与弊,381,tumor:1,other:0
中成药,382,tumor:4,other:0
止住,383,tumor:2,other:0
下用,384,tumor:4,other:3
术中放疗,385,tumor:600,other:0
疼得,386,tumor:1,other:0
厉害,387,tumor:6,other:13
一个月,388,tumor:7,other:28
吃饭,389,tumor:5,other:13
年龄,390,tumor:5,other:5
腰疼,391,tumor:1,other:12
阴性,392,tumor:2,other:1
立体,393,tumor:4,other:1
定向,394,tumor:4,other:0
前列腺癌,395,tumor:300,other:0
胸部,396,tumor:9,other:5
下咽,397,tumor:2,other:0
有人,398,tumor:5,other:3
玉石俱焚,399,tumor:2,other:0
敌我不分,400,tumor:2,other:0
恰当,401,tumor:2,other:0
晚期症状,402,tumor:7,other:0
腿痛,403,tumor:1,other:0
医治,404,tumor:3,other:1
子宫内膜增生,405,tumor:2,other:0
癌变,406,tumor:200,other:2
禁忌证,407,tumor:2,other:0
底位,408,tumor:1,other:0
保留,409,tumor:1,other:0
肛门,410,tumor:8,other:18
肿大,411,tumor:3,other:7
清扫,412,tumor:1,other:0
葡萄糖,413,tumor:2,other:0
舒服,414,tumor:3,other:49
要紧,415,tumor:3,other:5
纤维结肠镜检查,416,tumor:3,other:0
宝宝,417,tumor:6,other:200
营养,418,tumor:6,other:6
消化道,419,tumor:2,other:0
白细胞,420,tumor:13,other:6
下降,421,tumor:2,other:3
皮肤痒,422,tumor:1,other:0
腹部肿块,423,tumor:3,other:0
肝要,424,tumor:1,other:0
如何治,425,tumor:3,other:0
排气,426,tumor:1,other:1
拔掉,427,tumor:1,other:4
胃管,428,tumor:2,other:0
华蟾素,429,tumor:3,other:0
有钱,430,tumor:1,other:0
肝血管瘤,431,tumor:500,other:0
姥姥,432,tumor:1,other:0
李晓光,433,tumor:1,other:0
直肠,434,tumor:3,other:0
造瘘口,435,tumor:300,other:0
胃出血,436,tumor:1,other:0
TNbM,437,tumor:1,other:0
几次,438,tumor:12,other:9
嗓子疼,439,tumor:2,other:18
接过,440,tumor:2,other:0
谢谢,441,tumor:5,other:0
嘴唇,442,tumor:2,other:15
流血,443,tumor:6,other:27
就是,444,tumor:7,other:13
干燥,445,tumor:1,other:6
会厌,446,tumor:2,other:0
癌于,447,tumor:200,other:0
年月日,448,tumor:3,other:6
帮忙,449,tumor:8,other:5
并肠腔,450,tumor:2,other:0
狭窄,451,tumor:3,other:1
腹水,452,tumor:16,other:1
存活,453,tumor:4,other:0
根治,454,tumor:6,other:5
混合型,455,tumor:2,other:0
每周,456,tumor:4,other:0
至少,457,tumor:2,other:0
要查,458,tumor:2,other:0
血小板,459,tumor:7,other:4
拍肠镜,460,tumor:1,other:0
进口药,461,tumor:1,other:0
国产,462,tumor:1,other:0
说说看,463,tumor:1,other:0
三年,464,tumor:1,other:3
咳嗽,465,tumor:17,other:60
两个,466,tumor:7,other:49
多月,467,tumor:1,other:17
左乳,468,tumor:1,other:0
便血,469,tumor:5,other:2
一直,470,tumor:5,other:31
呕吐,471,tumor:5,other:12
今年,472,tumor:1,other:4
恢复,473,tumor:1,other:16
时候,474,tumor:6,other:59
男性,475,tumor:5,other:2
乳腺,476,tumor:21,other:8
发育,477,tumor:2,other:7
女岁,478,tumor:6,other:15
是非,479,tumor:1,other:0
角性化,480,tumor:1,other:0
分癌,481,tumor:100,other:0
人易,482,tumor:2,other:0
结节,483,tumor:12,other:12
前面,484,tumor:3,other:1
病状,485,tumor:3,other:0
样子,486,tumor:4,other:7
胡言乱语,487,tumor:3,other:0
左侧,488,tumor:8,other:15
肚子疼,489,tumor:1,other:3
胀气,490,tumor:2,other:6
腋窝,491,tumor:1,other:0
膀子,492,tumor:1,other:1
脑部,493,tumor:12,other:1
激素,494,tumor:3,other:5
人群,495,tumor:7,other:0
调强,496,tumor:6,other:0
肥胖,497,tumor:2,other:6
北京,498,tumor:2,other:0
哪家,499,tumor:10,other:0
医院,500,tumor:31,other:30
寒战,501,tumor:1,other:0
发热,502,tumor:3,other:10
全淋巴结,503,tumor:2,other:0
以后,504,tumor:5,other:4
感觉,505,tumor:9,other:155
问题,506,tumor:9,other:28
问问,507,tumor:5,other:0
全身反应,508,tumor:2,other:0
得来,509,tumor:2,other:0
淋巴,510,tumor:26,other:8
担心,511,tumor:2,other:8
焦虑症,512,tumor:1,other:11
家人,513,tumor:3,other:3
第一次,514,tumor:3,other:4
办法,515,tumor:16,other:26
一点,516,tumor:1,other:27
中国,517,tumor:2,other:0
地方,518,tumor:4,other:10
爸爸,519,tumor:6,other:10
分期,520,tumor:1,other:0
胸骨,521,tumor:3,other:0
催吐,522,tumor:2,other:2
配合,523,tumor:2,other:1
腹腔,524,tumor:5,other:0
高是,525,tumor:2,other:4
全国,526,tumor:1,other:0
粘膜组织,527,tumor:1,other:0
最快,528,tumor:2,other:0
冬虫夏草,529,tumor:4,other:0
全部,530,tumor:2,other:0
费用,531,tumor:8,other:2
肛门指检,532,tumor:1,other:0
一步,533,tumor:3,other:0
书籍,534,tumor:1,other:0
口腔内,535,tumor:1,other:2
姜蒜,536,tumor:1,other:0
对象,537,tumor:1,other:3
硬块,538,tumor:3,other:8
显示,539,tumor:5,other:2
腮腺,540,tumor:3,other:3
肿物,541,tumor:2,other:0
多厘米,542,tumor:1,other:0
动手术,543,tumor:4,other:1
彻底,544,tumor:7,other:1
感冒咳嗽,545,tumor:2,other:4
东西,546,tumor:8,other:87
控制,547,tumor:4,other:4
看下,548,tumor:2,other:0
采用,549,tumor:4,other:0
技术,550,tumor:2,other:0
原发性,551,tumor:5,other:0
右肺,552,tumor:1,other:0
Ca,553,tumor:1,other:0
肺内,554,tumor:1,other:0
胸膜,555,tumor:1,other:0
胸椎,556,tumor:1,other:2
椎体,557,tumor:2,other:0
体内,558,tumor:2,other:1
体外,559,tumor:2,other:0
有些,560,tumor:3,other:3
一天,561,tumor:2,other:8
或次,562,tumor:2,other:0
单该,563,tumor:1,other:0
月份,564,tumor:3,other:1
结束,565,tumor:7,other:3
期化,566,tumor:1,other:0
幽门螺杆菌,567,tumor:1,other:1
形成,568,tumor:1,other:0
多长时间,569,tumor:9,other:4
初步,570,tumor:2,other:0
几项,571,tumor:2,other:0
适合,572,tumor:13,other:3
食物,573,tumor:12,other:7
放射线,574,tumor:12,other:0
致癌,575,tumor:200,other:0
转化成,576,tumor:2,other:0
可怕,577,tumor:2,other:0
有血,578,tumor:2,other:7
选择,579,tumor:14,other:0
下肢水肿,580,tumor:3,other:0
预后,581,tumor:5,other:0
辅助,582,tumor:5,other:4
下巴,583,tumor:1,other:9
骨头,584,tumor:1,other:15
按压,585,tumor:1,other:15
畸胎瘤,586,tumor:300,other:0
第二天,587,tumor:1,other:11
癫痫,588,tumor:1,other:1
成功,589,tumor:6,other:0
经验,590,tumor:6,other:0
基因突变,591,tumor:2,other:1
服用,592,tumor:5,other:20
志苓,593,tumor:1,other:0
胶襄,594,tumor:1,other:0
管用,595,tumor:1,other:3
骨髓,596,tumor:3,other:2
尿血,597,tumor:2,other:0
痊愈,598,tumor:3,other:0
流程,599,tumor:2,other:0
出来,600,tumor:7,other:6
her,601,tumor:1,other:0
阳性,602,tumor:1,other:1
首选,603,tumor:2,other:0
炎性,604,tumor:1,other:0
中药,605,tumor:18,other:11
解决,606,tumor:1,other:3
发挥,607,tumor:2,other:0
白细胞低,608,tumor:1,other:0
鼻癌症,609,tumor:200,other:0
必要,610,tumor:8,other:2
只能,611,tumor:3,other:3
停止,612,tumor:5,other:0
造口肠,613,tumor:1,other:0
表面,614,tumor:1,other:1
发黑,615,tumor:2,other:6
近距离,616,tumor:4,other:0
后装治疗,617,tumor:4,other:0
优缺点,618,tumor:7,other:0
贫血,619,tumor:2,other:1
乏力,620,tumor:1,other:4
能活,621,tumor:5,other:0
骨转,622,tumor:1,other:0
伴脑,623,tumor:1,other:0
转是,624,tumor:1,other:0
极小,625,tumor:1,other:0
囊肿,626,tumor:3,other:6
意思,627,tumor:2,other:1
减少,628,tumor:4,other:1
疼苦,629,tumor:1,other:0
段时间,630,tumor:1,other:3
对症支持,631,tumor:4,other:0
子宫,632,tumor:2,other:2
手段,633,tumor:3,other:1
暂停,634,tumor:1,other:0
一段时间,635,tumor:3,other:4
办公室,636,tumor:4,other:0
那里,637,tumor:4,other:1
后遗症,638,tumor:4,other:2
干咳,639,tumor:1,other:4
气喘,640,tumor:1,other:1
需注意,641,tumor:2,other:0
该病,642,tumor:1,other:0
国内,643,tumor:5,other:0
疫苗,644,tumor:3,other:5
保肢,645,tumor:4,other:0
叫术,646,tumor:2,other:0
做术,647,tumor:2,other:0
脖子,648,tumor:2,other:26
皮下,649,tumor:1,other:4
基本,650,tumor:2,other:0
鼻子,651,tumor:3,other:63
有块,652,tumor:1,other:0
生气,653,tumor:1,other:8
颅内,654,tumor:2,other:0
教育,655,tumor:1,other:0
儿童,656,tumor:5,other:10
由于,657,tumor:3,other:1
放射性物质,658,tumor:1,other:0
生长发育,659,tumor:1,other:0
一些,660,tumor:2,other:5
打赫塞汀,661,tumor:1,other:0
下会,662,tumor:2,other:0
死亡率,663,tumor:5,other:0
价值,664,tumor:2,other:0
月经,665,tumor:5,other:23
胃疼,666,tumor:3,other:5
伴有,667,tumor:3,other:5
腹部疼痛,668,tumor:1,other:0
疼不疼,669,tumor:1,other:1
全愈,670,tumor:2,other:0
胳膊,671,tumor:1,other:10
腊肉,672,tumor:1,other:0
班点,673,tumor:1,other:0
出现,674,tumor:14,other:11
咳血,675,tumor:5,other:0
匹配,676,tumor:1,other:0
同时,677,tumor:2,other:2
鳞状细胞癌,678,tumor:300,other:0
舌头,679,tumor:2,other:40
常用,680,tumor:11,other:0
加速器,681,tumor:7,other:0
几率,682,tumor:12,other:2
全身,683,tumor:5,other:12
多处,684,tumor:1,other:0
组织间,685,tumor:6,other:0
插植术,686,tumor:2,other:0
延长,687,tumor:2,other:0
五年,688,tumor:6,other:0
生存率,689,tumor:4,other:0
保肢术,690,tumor:2,other:0
康复,691,tumor:5,other:0
锻炼,692,tumor:4,other:4
老婆,693,tumor:3,other:5
不消,694,tumor:2,other:0
脚指甲,695,tumor:1,other:0
突然出现,696,tumor:1,other:1
斑点,697,tumor:1,other:1
结疗,698,tumor:1,other:0
口服药,699,tumor:1,other:0
大姑,700,tumor:1,other:0
小孩,701,tumor:6,other:42
九岁,702,tumor:1,other:2
急性淋巴细胞白血病,703,tumor:5,other:0
概率,704,tumor:4,other:3
女朋友,705,tumor:1,other:3
体重下降,706,tumor:4,other:3
隐隐作痛,707,tumor:4,other:6
乳头,708,tumor:3,other:9
下发,709,tumor:2,other:0
四个,710,tumor:2,other:10
子宫癌,711,tumor:300,other:0
四五年,712,tumor:1,other:0
不规则,713,tumor:2,other:0
出血的,714,tumor:1,other:0
经历,715,tumor:1,other:1
腿酸,716,tumor:1,other:1
是因为,717,tumor:1,other:2
昨天,718,tumor:1,other:18
不疼,719,tumor:1,other:12
嘴上,720,tumor:1,other:0
两年,721,tumor:4,other:5
过敏,722,tumor:2,other:8
同等,723,tumor:1,other:0
颜面,724,tumor:1,other:0
颈部,725,tumor:9,other:3
皮肤,726,tumor:14,other:9
肿胀,727,tumor:1,other:11
现象,728,tumor:6,other:9
口腔,729,tumor:1,other:14
咽喉,730,tumor:1,other:10
正确对待,731,tumor:1,other:0
主要,732,tumor:6,other:2
原因,733,tumor:21,other:111
食道,734,tumor:3,other:6
吞咽,735,tumor:2,other:1
生体,736,tumor:2,other:0
消瘦,737,tumor:2,other:4
胃窦,738,tumor:3,other:1
印戒细胞癌,739,tumor:100,other:0
升高,740,tumor:3,other:0
肉瘤,741,tumor:400,other:0
黑色素瘤,742,tumor:400,other:0
微创,743,tumor:7,other:1
马桂芬,744,tumor:1,other:0
广州,745,tumor:3,other:0
调节,746,tumor:2,other:1
情绪,747,tumor:3,other:6
防止,748,tumor:6,other:0
排出,749,tumor:1,other:3
物质,750,tumor:1,other:1
可不可以,751,tumor:3,other:4
吃活,752,tumor:1,other:0
珠子,753,tumor:1,other:0
比特,754,tumor:1,other:0
PAS,755,tumor:1,other:0
阶段,756,tumor:8,other:0
喝水,757,tumor:2,other:13
其他,758,tumor:3,other:5
不适,759,tumor:4,other:13
可能性,760,tumor:8,other:0
前期,761,tumor:6,other:4
请教,762,tumor:4,other:0
肿瘤医院,763,tumor:500,other:0
胃底体,764,tumor:1,other:0
粘膜,765,tumor:1,other:0
肥厚,766,tumor:1,other:0
浸润,767,tumor:1,other:0
真的,768,tumor:2,other:9
危险,769,tumor:8,other:4
cmxcm,770,tumor:1,other:0
问下,771,tumor:6,other:1
插植技术,772,tumor:4,other:0
风险,773,tumor:1,other:1
电子线,774,tumor:4,other:0
小腿,775,tumor:1,other:9
注射,776,tumor:1,other:2
高烧,777,tumor:2,other:11
憋气,778,tumor:2,other:1
呼吸,779,tumor:2,other:8
积水,780,tumor:4,other:1
哮喘,781,tumor:2,other:1
后背痛,782,tumor:1,other:0
难受,783,tumor:2,other:22
胃溃疡,784,tumor:3,other:1
面积,785,tumor:1,other:0
中草药,786,tumor:2,other:0
想吐,787,tumor:2,other:4
指甲,788,tumor:1,other:1
女中,789,tumor:1,other:0
指甲盖,790,tumor:1,other:0
癌细胞,791,tumor:400,other:0
发展期,792,tumor:1,other:0
长期,793,tumor:2,other:9
妥布霉素,794,tumor:1,other:0
染色体,795,tumor:1,other:1
放射性,796,tumor:9,other:0
直肠炎,797,tumor:1,other:0
误诊,798,tumor:4,other:1
降低,799,tumor:5,other:2
或者,800,tumor:1,other:4
措施,801,tumor:3,other:0
组织,802,tumor:3,other:0
损害,803,tumor:3,other:1
有点痛,804,tumor:1,other:7
大腿,805,tumor:1,other:17
出生,806,tumor:1,other:15
一直有,807,tumor:1,other:9
一块,808,tumor:1,other:15
最后,809,tumor:2,other:0
发生,810,tumor:10,other:5
破溃,811,tumor:5,other:0
流水,812,tumor:2,other:1
传染性,813,tumor:2,other:0
直肠息肉,814,tumor:4,other:0
图片,815,tumor:2,other:6
脸部,816,tumor:4,other:5
截肢,817,tumor:2,other:0
死前,818,tumor:2,other:0
征兆,819,tumor:4,other:0
我妈,820,tumor:3,other:8
多像,821,tumor:1,other:0
整了,822,tumor:1,other:0
保肛,823,tumor:1,other:0
危险因素,824,tumor:4,other:0
肝脏,825,tumor:7,other:0
县城,826,tumor:1,other:0
挂号,827,tumor:2,other:0
科室,828,tumor:2,other:1
喝茶,829,tumor:3,other:0
胆囊,830,tumor:5,other:1
缓解,831,tumor:5,other:9
痛苦,832,tumor:3,other:0
临床症状,833,tumor:5,other:0
关于,834,tumor:3,other:0
胸壁,835,tumor:1,other:0
普通,836,tumor:2,other:0
优点,837,tumor:6,other:0
阴转阳,838,tumor:1,other:0
视为,839,tumor:2,other:0
无需,840,tumor:2,other:0
继续,841,tumor:2,other:2
胸口,842,tumor:2,other:16
背部,843,tumor:2,other:2
隐痛,844,tumor:1,other:4
血痂,845,tumor:1,other:1
上要,846,tumor:4,other:0
比较,847,tumor:7,other:2
血细胞,848,tumor:1,other:0
胸闷,849,tumor:3,other:11
头晕,850,tumor:4,other:22
玻璃,851,tumor:1,other:0
正确,852,tumor:1,other:1
第四期,853,tumor:1,other:0
疗程,854,tumor:5,other:0
奶头,855,tumor:1,other:0
压迫,856,tumor:2,other:1
一侧,857,tumor:2,other:5
肺门,858,tumor:4,other:3
每次,859,tumor:2,other:14
混合性血管瘤,860,tumor:200,other:0
不想,861,tumor:2,other:11
打针,862,tumor:2,other:8
黄疸,863,tumor:3,other:2
鼻炎,864,tumor:1,other:22
后个,865,tumor:2,other:0
脸上,866,tumor:2,other:12
时间长,867,tumor:1,other:2
末期,868,tumor:4,other:0
特征,869,tumor:1,other:0
济程,870,tumor:1,other:0
家里,871,tumor:2,other:9
刚出,872,tumor:1,other:0
icu,873,tumor:1,other:0
保守,874,tumor:3,other:0
中枢神经系统,875,tumor:1,other:0
损伤,876,tumor:2,other:1
处置,877,tumor:1,other:0
毛细胞,878,tumor:1,other:0
头疼,879,tumor:2,other:11
早期胃癌,880,tumor:100,other:0
六天,881,tumor:1,other:2
胸片,882,tumor:1,other:1
射线,883,tumor:1,other:0
引发,884,tumor:2,other:1
ca,885,tumor:1,other:0
纤维化,886,tumor:1,other:2
总是,887,tumor:2,other:9
治疗机,888,tumor:6,other:0
临终前,889,tumor:3,other:0
哪些项目,890,tumor:3,other:0
诱发,891,tumor:1,other:0
症会,892,tumor:2,other:0
传染给,893,tumor:4,other:0
舌癌,894,tumor:200,other:0
定期,895,tumor:2,other:0
保住,896,tumor:4,other:0
高会,897,tumor:1,other:0
慢性淋巴细胞白血病,898,tumor:2,other:0
非常,899,tumor:1,other:3
糟糕,900,tumor:1,other:0
脑肿瘤,901,tumor:400,other:0
哪些方面,902,tumor:2,other:0
日常生活,903,tumor:1,other:0
改善,904,tumor:5,other:3
口腔癌,905,tumor:100,other:2
溃疡,906,tumor:2,other:3
胃息肉癌变,907,tumor:200,other:0
意义,908,tumor:1,other:0
双肺,909,tumor:1,other:0
淋巴结钙化,910,tumor:1,other:0
头颈,911,tumor:2,other:0
化验,912,tumor:2,other:5
血能,913,tumor:1,other:0
查出来,914,tumor:3,other:0
小细泡,915,tumor:3,other:0
何为,916,tumor:1,other:0
临床,917,tumor:1,other:0
剂量学,918,tumor:1,other:0
四原则,919,tumor:1,other:0
恶心呕吐,920,tumor:3,other:1
七次,921,tumor:1,other:0
不去,922,tumor:1,other:4
回声,923,tumor:2,other:2
团块,924,tumor:1,other:0
性伴侣,925,tumor:1,other:0
多会,926,tumor:1,other:0
乙状结肠,927,tumor:2,other:0
特罗,928,tumor:1,other:0
失效,929,tumor:1,other:1
肝内,930,tumor:2,other:0
强回声,931,tumor:3,other:0
药对,932,tumor:1,other:1
时间,933,tumor:3,other:8
去年,934,tumor:2,other:7
身上,935,tumor:5,other:9
残留,936,tumor:1,other:0
脓液,937,tumor:1,other:0
病证,938,tumor:2,other:0
CT,939,tumor:3,other:2
能看懂,940,tumor:1,other:0
血便,941,tumor:2,other:0
恶性肿瘤,942,tumor:110,other:0
占有,943,tumor:2,other:0
地位,944,tumor:2,other:0
二姑,945,tumor:1,other:0
纤维瘤,946,tumor:900,other:0
胶原蛋白,947,tumor:1,other:1
咋办,948,tumor:5,other:34
心窝,949,tumor:1,other:0
隔代遗传,950,tumor:6,other:0
低熔点,951,tumor:2,other:0
做成,952,tumor:3,other:0
形状,953,tumor:2,other:2
模块,954,tumor:2,other:0
七十二岁,955,tumor:1,other:0
老大爷,956,tumor:1,other:0
月经不调,957,tumor:1,other:3
耽搁,958,tumor:1,other:0
调护,959,tumor:1,other:0
三阴,960,tumor:1,other:0
血液,961,tumor:5,other:1
循环,962,tumor:1,other:0
肝上,963,tumor:2,other:0
骨质破坏,964,tumor:1,other:0
伽马刀,965,tumor:2,other:0
体检,966,tumor:3,other:9
指数,967,tumor:1,other:0
增高,968,tumor:2,other:3
使用,969,tumor:8,other:3
从没,970,tumor:2,other:0
肝病,971,tumor:2,other:0
大不大,972,tumor:2,other:0
认知,973,tumor:1,other:1
记忆,974,tumor:1,other:0
功能,975,tumor:1,other:4
阴毛,976,tumor:1,other:0
一串,977,tumor:1,other:0
灰色,978,tumor:1,other:2
用手,979,tumor:2,other:5
掐掉,980,tumor:1,other:0
复发率,981,tumor:4,other:0
执行,982,tumor:1,other:0
新辅助放化疗,983,tumor:2,other:0
恶性淋巴瘤,984,tumor:100,other:0
调理,985,tumor:5,other:10
单纯,986,tumor:1,other:0
帮下,987,tumor:1,other:0
打嗝,988,tumor:2,other:13
移植,989,tumor:1,other:0
捐献者,990,tumor:1,other:0
开刀,991,tumor:2,other:1
莲蓬,992,tumor:1,other:0
血小板减少,993,tumor:1,other:1
途径,994,tumor:2,other:0
上额,995,tumor:1,other:0
成骨性,996,tumor:1,other:0
两周,997,tumor:2,other:3
左腹,998,tumor:2,other:0
刀口,999,tumor:6,other:0
脑膜瘤,1000,tumor:800,other:0
颅咽管瘤,1001,tumor:700,other:0
达到,1002,tumor:1,other:0
单子,1003,tumor:1,other:0
年前,1004,tumor:3,other:2
肾有,1005,tumor:2,other:0
保养,1006,tumor:3,other:1
新型,1007,tumor:1,other:0
叔叔,1008,tumor:2,other:0
动过,1009,tumor:1,other:0
转移性,1010,tumor:200,other:0
骨髓抑制,1011,tumor:2,other:0
四位,1012,tumor:1,other:0
同学,1013,tumor:1,other:4
央视,1014,tumor:2,other:0
牙齿,1015,tumor:4,other:62
要求,1016,tumor:1,other:0
味觉,1017,tumor:1,other:0
迟钝,1018,tumor:1,other:0
操作,1019,tumor:3,other:0
分析,1020,tumor:2,other:1
隆起糜烂性胃炎,1021,tumor:1,other:0
恶化,1022,tumor:3,other:0
肝功能,1023,tumor:4,other:3
对待,1024,tumor:2,other:0
应多,1025,tumor:2,other:0
肚疼,1026,tumor:3,other:5
胰腺炎,1027,tumor:2,other:1
针管,1028,tumor:1,other:0
右半,1029,tumor:2,other:0
吃药,1030,tumor:2,other:19
最多,1031,tumor:2,other:0
几年,1032,tumor:2,other:7
治求,1033,tumor:2,other:0
答案,1034,tumor:2,other:0
血癌,1035,tumor:200,other:0
中会,1036,tumor:3,other:0
脱衣服,1037,tumor:2,other:0
别的,1038,tumor:1,other:2
按会,1039,tumor:1,other:0
脑癌,1040,tumor:300,other:0
黏液,1041,tumor:2,other:0
女医生,1042,tumor:1,other:0
线有,1043,tumor:2,other:0
不同,1044,tumor:5,other:0
大肠癌,1045,tumor:200,other:0
盆腔,1046,tumor:5,other:0
感冒了,1047,tumor:1,other:10
感冒药,1048,tumor:1,other:1
人员,1049,tumor:1,other:0
参与,1050,tumor:1,other:0
伴肝,1051,tumor:1,other:0
八期,1052,tumor:1,other:0
疗养,1053,tumor:1,other:0
确认,1054,tumor:1,other:3
术前,1055,tumor:1,other:0
常规,1056,tumor:1,other:0
怎么样,1057,tumor:6,other:6
鼻咽镜,1058,tumor:2,other:0
咯血,1059,tumor:1,other:0
姐姐,1060,tumor:2,other:0
大哥,1061,tumor:1,other:0
很差,1062,tumor:2,other:0
试试,1063,tumor:2,other:0
增生,1064,tumor:7,other:7
特点,1065,tumor:2,other:0
预兆,1066,tumor:1,other:0
才能,1067,tumor:3,other:12
病情恶化,1068,tumor:1,other:0
体外照射,1069,tumor:300,other:0
前兆,1070,tumor:3,other:1
后癌,1071,tumor:100,other:0
肝炎,1072,tumor:3,other:0
解不出,1073,tumor:1,other:0
下去,1074,tumor:3,other:0
闫建林,1075,tumor:1,other:0
后脑勺,1076,tumor:2,other:5
上长,1077,tumor:3,other:7
小包,1078,tumor:2,other:3
印戒,1079,tumor:1,other:0
住会,1080,tumor:1,other:0
病情,1081,tumor:2,other:3
称为,1082,tumor:3,other:0
烤电,1083,tumor:2,other:0
同一个,1084,tumor:4,other:0
部位,1085,tumor:6,other:5
反复,1086,tumor:4,other:11
后续,1087,tumor:3,other:0
验血,1088,tumor:1,other:3
最佳,1089,tumor:2,other:0
左额,1090,tumor:1,other:0
眼角,1091,tumor:1,other:14
上方,1092,tumor:1,other:5
骨瘤,1093,tumor:200,other:0
B型,1094,tumor:1,other:0
腺瘤,1095,tumor:500,other:1
变化,1096,tumor:4,other:0
辨别,1097,tumor:1,other:0
哪个,1098,tumor:3,other:0
黑痣,1099,tumor:2,other:0
抑郁,1100,tumor:2,other:12
焦虑,1101,tumor:2,other:13
不良情绪,1102,tumor:2,other:0
中医药,1103,tumor:4,other:0
程度,1104,tumor:2,other:1
支架,1105,tumor:2,other:4
喉管,1106,tumor:1,other:1
水流,1107,tumor:1,other:1
进肺,1108,tumor:1,other:0
一样,1109,tumor:3,other:10
肝后,1110,tumor:2,other:0
大脑,1111,tumor:3,other:0
软骨瘤,1112,tumor:100,other:0
食欲不振,1113,tumor:2,other:2
无味,1114,tumor:1,other:0
变味,1115,tumor:1,other:0
ct,1116,tumor:5,other:0
截肢术后,1117,tumor:2,other:0
患肢,1118,tumor:2,other:0
什么样,1119,tumor:5,other:0
再障,1120,tumor:1,other:0
性贫血,1121,tumor:1,other:0
难治,1122,tumor:1,other:0
摘除,1123,tumor:1,other:0
变大是,1124,tumor:1,other:0
青少年,1125,tumor:1,other:3
化疗药物,1126,tumor:300,other:0
抑制,1127,tumor:2,other:1
硬硬,1128,tumor:1,other:4
颜色,1129,tumor:4,other:2
深红,1130,tumor:2,other:0
胃部不适,1131,tumor:3,other:0
疑似,1132,tumor:6,other:0
明天,1133,tumor:2,other:0
生命危险,1134,tumor:2,other:0
半年,1135,tumor:2,other:9
这种,1136,tumor:1,other:7
判断,1137,tumor:5,other:5
种类,1138,tumor:2,other:0
活血,1139,tumor:1,other:0
物理,1140,tumor:1,other:2
出过,1141,tumor:1,other:0
病变,1142,tumor:3,other:1
查着,1143,tumor:2,other:0
周岁,1144,tumor:2,other:4
查血,1145,tumor:2,other:1
调养,1146,tumor:2,other:0
七个,1147,tumor:1,other:9
脚麻,1148,tumor:1,other:2
松果体,1149,tumor:1,other:0
免疫组化,1150,tumor:1,other:0
提示,1151,tumor:3,other:0
神经内分泌癌,1152,tumor:100,other:0
甲状腺结节,1153,tumor:1,other:2
肝区痛,1154,tumor:2,other:0
权威,1155,tumor:2,other:0
腹痛,1156,tumor:1,other:0
药才,1157,tumor:2,other:0
口腔炎,1158,tumor:2,other:0
胱癌,1159,tumor:200,other:0
灌注,1160,tumor:2,other:0
腹膜,1161,tumor:1,other:0
腹腔镜,1162,tumor:2,other:1
探查,1163,tumor:1,other:0
粘液性,1164,tumor:1,other:0
评估,1165,tumor:1,other:0
切线,1166,tumor:2,other:0
住院,1167,tumor:5,other:3
痛是,1168,tumor:2,other:2
变成,1169,tumor:2,other:1
肠道,1170,tumor:1,other:3
后应,1171,tumor:2,other:0
看待,1172,tumor:2,other:0
民间,1173,tumor:2,other:0
偏方,1174,tumor:2,other:1
传说,1175,tumor:2,other:0
上次,1176,tumor:2,other:3
包治百病,1177,tumor:2,other:0
上用,1178,tumor:2,other:0
红色,1179,tumor:3,other:12
墨水,1180,tumor:2,other:0
印子,1181,tumor:2,other:0
采取,1182,tumor:2,other:0
那种,1183,tumor:1,other:8
大脖筋,1184,tumor:2,other:0
受不了,1185,tumor:2,other:0
今天,1186,tumor:3,other:11
十天,1187,tumor:3,other:7
用纸,1188,tumor:1,other:0
花生,1189,tumor:2,other:0
白细胞计数,1190,tumor:1,other:0
降到,1191,tumor:1,other:0
吃不下,1192,tumor:2,other:3
肺炎,1193,tumor:1,other:5
主要症状,1194,tumor:1,other:1
医学院,1195,tumor:1,other:0
临床诊断病例,1196,tumor:1,other:0
出院,1197,tumor:4,other:1
偏高,1198,tumor:2,other:9
草莓状血管瘤,1199,tumor:200,other:0
周期,1200,tumor:4,other:0
吃点,1201,tumor:2,other:3
手指,1202,tumor:1,other:13
发白,1203,tumor:1,other:3
三维,1204,tumor:2,other:0
适形,1205,tumor:4,other:0
MB,1206,tumor:1,other:0
能否,1207,tumor:2,other:0
ib,1208,tumor:1,other:0
肺结核,1209,tumor:1,other:7
排除,1210,tumor:6,other:2
后人,1211,tumor:1,other:0
发抖,1212,tumor:1,other:5
拔牙,1213,tumor:2,other:3
等待,1214,tumor:2,other:1
肛诊,1215,tumor:1,other:0
少儿,1216,tumor:1,other:0
一种,1217,tumor:1,other:2
阑尾,1218,tumor:1,other:2
看出,1219,tumor:1,other:0
密度,1220,tumor:2,other:4
大小,1221,tumor:1,other:7
MM,1222,tumor:1,other:0
邻近,1223,tumor:1,other:0
四年,1224,tumor:1,other:2
喉咙,1225,tumor:2,other:50
特别,1226,tumor:4,other:55
嗜睡,1227,tumor:2,other:0
视力,1228,tumor:1,other:9
听力,1229,tumor:1,other:6
每天,1230,tumor:2,other:5
道理,1231,tumor:4,other:0
大便出血,1232,tumor:1,other:6
刚刚,1233,tumor:1,other:12
口咽癌,1234,tumor:100,other:0
红外线,1235,tumor:2,other:0
过岁,1236,tumor:1,other:0
前天,1237,tumor:1,other:6
超标,1238,tumor:1,other:1
孕妇,1239,tumor:3,other:4
同一,1240,tumor:1,other:0
成活,1241,tumor:1,other:0
几成,1242,tumor:1,other:0
调班,1243,tumor:1,other:0
之后,1244,tumor:1,other:0
浸润性,1245,tumor:5,other:0
结肠息肉,1246,tumor:2,other:0
长大,1247,tumor:1,other:3
性病,1248,tumor:1,other:0
应该,1249,tumor:3,other:8
炎症,1250,tumor:1,other:4
脸色苍白,1251,tumor:1,other:0
右边,1252,tumor:1,other:26
霍奇金,1253,tumor:1,other:0
IIA,1254,tumor:1,other:0
弥漫,1255,tumor:1,other:0
内分泌,1256,tumor:1,other:0
演变,1257,tumor:1,other:0
穿刺术,1258,tumor:2,other:0
服典,1259,tumor:1,other:0
小苏打,1260,tumor:1,other:0
有救,1261,tumor:2,other:2
急急,1262,tumor:1,other:2
前行,1263,tumor:2,other:0
哪些因素,1264,tumor:1,other:0
中耳炎,1265,tumor:1,other:5
有个,1266,tumor:5,other:15
左腿,1267,tumor:1,other:4
血栓,1268,tumor:1,other:1
序贯,1269,tumor:1,other:0
是否是,1270,tumor:3,other:0
其它,1271,tumor:2,other:0
肾上腺,1272,tumor:3,other:1
放射科,1273,tumor:1,other:0
一项,1274,tumor:1,other:0
照光,1275,tumor:2,other:0
形式,1276,tumor:2,other:0
南瓜,1277,tumor:1,other:0
进展,1278,tumor:1,other:0
必须,1279,tumor:1,other:2
挂袋,1280,tumor:1,other:0
右腰,1281,tumor:1,other:1
叩击,1282,tumor:1,other:0
痛会,1283,tumor:1,other:0
两天,1284,tumor:3,other:31
烧烤,1285,tumor:2,other:1
核磁共振,1286,tumor:2,other:0
事外,1287,tumor:1,other:0
假体置换,1288,tumor:2,other:0
上学,1289,tumor:2,other:0
结婚,1290,tumor:2,other:5
生子,1291,tumor:2,other:0
人查,1292,tumor:1,other:0
针灸,1293,tumor:1,other:1
针灸治疗,1294,tumor:1,other:0
右肾,1295,tumor:2,other:1
父母,1296,tumor:1,other:3
我们,1297,tumor:2,other:2
下药,1298,tumor:1,other:0
伤口,1299,tumor:1,other:19
防治,1300,tumor:2,other:0
忌口,1301,tumor:2,other:0
生活,1302,tumor:4,other:2
髓系,1303,tumor:4,other:0
耳朵,1304,tumor:2,other:49
巨块,1305,tumor:1,other:0
点药,1306,tumor:1,other:0
三药,1307,tumor:1,other:0
用来,1308,tumor:2,other:0
无故,1309,tumor:1,other:0
皮肤瘙痒,1310,tumor:1,other:0
起风,1311,tumor:1,other:0
痉挛,1312,tumor:1,other:2
深部,1313,tumor:2,other:0
肺上,1314,tumor:2,other:0
止血,1315,tumor:1,other:2
吃螃蟹,1316,tumor:1,other:0
搭桥,1317,tumor:1,other:0
真是,1318,tumor:2,other:0
一把,1319,tumor:2,other:0
免疫治疗,1320,tumor:2,other:0
衍变,1321,tumor:1,other:0
脑出血,1322,tumor:1,other:2
发展,1323,tumor:2,other:1
积液,1324,tumor:3,other:4
见少,1325,tumor:2,other:0
西医,1326,tumor:3,other:0
上该,1327,tumor:2,other:0
肝功,1328,tumor:1,other:2
左下腹疼痛,1329,tumor:1,other:0
厌食,1330,tumor:1,other:0
我要,1331,tumor:1,other:6
天津,1332,tumor:1,other:0
第五,1333,tumor:1,other:0
中心医院,1334,tumor:1,other:0
胸腔,1335,tumor:1,other:3
成型,1336,tumor:1,other:1
咕噜,1337,tumor:1,other:0
有气,1338,tumor:1,other:0
不要,1339,tumor:1,other:5
卤过,1340,tumor:1,other:0
口干舌燥,1341,tumor:1,other:1
各种,1342,tumor:2,other:1
中断,1343,tumor:2,other:0
吸烟,1344,tumor:2,other:0
上放,1345,tumor:2,other:0
猪皮,1346,tumor:2,other:0
名字,1347,tumor:1,other:0
乌日图,1348,tumor:1,other:0
那顺岁,1349,tumor:1,other:0
哈尔滨市,1350,tumor:1,other:0
第一,1351,tumor:2,other:0
再长,1352,tumor:2,other:0
排血,1353,tumor:1,other:0
粘液,1354,tumor:1,other:2
细长,1355,tumor:1,other:0
多细,1356,tumor:1,other:0
事情,1357,tumor:1,other:11
喝醉酒,1358,tumor:1,other:0
三四天,1359,tumor:2,other:1
咕噜咕噜,1360,tumor:1,other:3
易瑞沙,1361,tumor:2,other:0
生物,1362,tumor:2,other:1
汤能,1363,tumor:1,other:0
十个月,1364,tumor:1,other:3
不知,1365,tumor:1,other:6
跑步,1366,tumor:2,other:2
调整,1367,tumor:2,other:0
分裂症,1368,tumor:2,other:0
内陷,1369,tumor:1,other:0
老年,1370,tumor:4,other:0
接触,1371,tumor:3,other:2
手机,1372,tumor:1,other:2
患上,1373,tumor:3,other:2
TaNMx,1374,tumor:1,other:0
间隔,1375,tumor:2,other:0
越短,1376,tumor:2,other:0
剂量,1377,tumor:2,other:0
不停,1378,tumor:1,other:5
回家,1379,tumor:1,other:5
半个,1380,tumor:1,other:9
全喉切除术,1381,tumor:2,other:0
梭形,1382,tumor:1,other:0
机会,1383,tumor:3,other:0
七十多,1384,tumor:1,other:0
黑水,1385,tumor:2,other:0
后该,1386,tumor:1,other:0
再次,1387,tumor:2,other:2
吐痰,1388,tumor:1,other:2
早上,1389,tumor:1,other:34
时有,1390,tumor:1,other:2
肛裂,1391,tumor:1,other:5
肠胃,1392,tumor:1,other:6
存活率,1393,tumor:4,other:0
口服,1394,tumor:1,other:1
有效,1395,tumor:4,other:2
后期,1396,tumor:2,other:0
初检,1397,tumor:1,other:0
算不算,1398,tumor:1,other:0
割除,1399,tumor:1,other:0
腰部,1400,tumor:2,other:2
气短,1401,tumor:1,other:1
淋巴组织,1402,tumor:1,other:0
套路,1403,tumor:1,other:0
增厚,1404,tumor:1,other:2
免疫诊断,1405,tumor:1,other:0
气切,1406,tumor:1,other:0
声带,1407,tumor:1,other:1
记录,1408,tumor:1,other:0
英文,1409,tumor:1,other:0
缩写,1410,tumor:1,other:0
良心,1411,tumor:2,other:0
数量,1412,tumor:1,other:0
重庆,1413,tumor:2,other:0
减肥药,1414,tumor:1,other:11
形态,1415,tumor:1,other:0
化疗药,1416,tumor:200,other:1
容积,1417,tumor:2,other:0
在生活中,1418,tumor:2,other:0
保乳,1419,tumor:2,other:0
二期,1420,tumor:3,other:0
食谱,1421,tumor:2,other:0
遗传性,1422,tumor:1,other:1
粗糙,1423,tumor:2,other:2
及时,1424,tumor:1,other:0
体表,1425,tumor:4,other:0
标记线,1426,tumor:5,other:0
三期,1427,tumor:3,other:0
很严重,1428,tumor:3,other:6
刚生,1429,tumor:1,other:0
喝牛奶,1430,tumor:1,other:2
河蟹,1431,tumor:2,other:0
大齿,1432,tumor:1,other:0
egfr,1433,tumor:1,other:0
质子,1434,tumor:1,other:0
重离子,1435,tumor:1,other:0
下颌关节,1436,tumor:1,other:0
强制,1437,tumor:1,other:0
武汉市,1438,tumor:1,other:0
胃镜检查,1439,tumor:1,other:0
考虑,1440,tumor:1,other:0
没有,1441,tumor:1,other:19
丙肝病毒,1442,tumor:2,other:0
复檢需,1443,tumor:1,other:0
改变,1444,tumor:2,other:3
消化科,1445,tumor:1,other:0
帮帮我,1446,tumor:1,other:0
枕骨,1447,tumor:1,other:0
局部,1448,tumor:1,other:0
不均,1449,tumor:1,other:0
脸黑,1450,tumor:1,other:0
肿了,1451,tumor:2,other:21
消肿,1452,tumor:2,other:10
带有,1453,tumor:1,other:2
肠痉挛,1454,tumor:1,other:0
容易,1455,tumor:5,other:7
干吗,1456,tumor:1,other:0
利弊,1457,tumor:1,other:0
华侨,1458,tumor:1,other:0
彩超,1459,tumor:1,other:3
随访,1460,tumor:1,other:0
能医,1461,tumor:1,other:0
病例,1462,tumor:1,other:0
乳腺癌根治术,1463,tumor:100,other:0
胶带,1464,tumor:1,other:0
防癌,1465,tumor:100,other:0
梅毒,1466,tumor:1,other:0
前列腺,1467,tumor:1,other:4
膀胱结石,1468,tumor:1,other:0
肿瘤科,1469,tumor:200,other:0
灰指甲,1470,tumor:1,other:0
右上肺,1471,tumor:2,other:0
极度,1472,tumor:1,other:0
恐惧,1473,tumor:1,other:1
后装,1474,tumor:1,other:0
拉非,1475,tumor:1,other:0
癌症病人,1476,tumor:100,other:1
口咽,1477,tumor:1,other:0
期中,1478,tumor:1,other:0
说配,1479,tumor:1,other:0
潜伏期,1480,tumor:1,other:0
放屁,1481,tumor:1,other:5
检查报告,1482,tumor:2,other:0
这份,1483,tumor:1,other:0
老公,1484,tumor:2,other:6
鳞状上皮,1485,tumor:2,other:0
抗原,1486,tumor:4,other:1
卵巢囊肿,1487,tumor:1,other:0
草莓,1488,tumor:1,other:0
不用,1489,tumor:1,other:7
改良,1490,tumor:1,other:0
跟治术,1491,tumor:1,other:0
两种,1492,tumor:3,other:2
适当,1493,tumor:1,other:0
嘴角,1494,tumor:2,other:6
内侧,1495,tumor:2,other:11
骨髓增生,1496,tumor:2,other:0
异常,1497,tumor:2,other:1
年轻,1498,tumor:1,other:1
三个,1499,tumor:2,other:17
急性肠炎,1500,tumor:1,other:0
腹中,1501,tumor:1,other:0
胎儿,1502,tumor:1,other:1
艾滋病,1503,tumor:1,other:8
区域,1504,tumor:1,other:0
皮肤改变,1505,tumor:1,other:0
阻碍,1506,tumor:2,other:0
生活习惯,1507,tumor:1,other:0
患过,1508,tumor:1,other:0
我想,1509,tumor:2,other:0
快中子,1510,tumor:4,other:0
现状,1511,tumor:2,other:0
起泡,1512,tumor:1,other:4
例假,1513,tumor:1,other:2
洗头,1514,tumor:1,other:0
加速,1515,tumor:2,other:2
肠子,1516,tumor:1,other:2
外面,1517,tumor:1,other:1
回事,1518,tumor:1,other:24
理由,1519,tumor:1,other:0
状况,1520,tumor:1,other:1
前段时间,1521,tumor:1,other:2
朋友,1522,tumor:3,other:10
一家,1523,tumor:1,other:0
保险公司,1524,tumor:1,other:0
总打,1525,tumor:1,other:0
直线,1526,tumor:1,other:1
最高,1527,tumor:2,other:0
大三阳,1528,tumor:1,other:3
会转,1529,tumor:1,other:0
成活率,1530,tumor:2,other:0
后怕,1531,tumor:1,other:0
感冒,1532,tumor:1,other:36
腥臭味,1533,tumor:1,other:0
提醒,1534,tumor:2,other:0
照理,1535,tumor:1,other:0
中间,1536,tumor:1,other:2
不是,1537,tumor:1,other:6
包会,1538,tumor:1,other:0
面颈,1539,tumor:2,other:0
婴儿,1540,tumor:1,other:15
常有,1541,tumor:1,other:0
反酸,1542,tumor:2,other:0
根治性,1543,tumor:4,other:0
禁忌,1544,tumor:2,other:1
辅助新放化疗,1545,tumor:200,other:0
CiK,1546,tumor:1,other:0
心包积液,1547,tumor:1,other:0
癌细,1548,tumor:100,other:0
侵袭,1549,tumor:1,other:0
性胸,1550,tumor:1,other:0
姐能,1551,tumor:1,other:0
人参,1552,tumor:1,other:0
上颌窦,1553,tumor:1,other:0
偶有,1554,tumor:1,other:0
PTNM,1555,tumor:1,other:0
颟部,1556,tumor:1,other:0
占位性,1557,tumor:1,other:1
大女,1558,tumor:1,other:0
不愉,1559,tumor:1,other:0
抽能,1560,tumor:1,other:0
中央型,1561,tumor:1,other:0
日常,1562,tumor:1,other:0
本质,1563,tumor:1,other:0
事项,1564,tumor:1,other:1
阿胶,1565,tumor:1,other:0
实质性,1566,tumor:1,other:0
病灶,1567,tumor:1,other:0
小囊,1568,tumor:1,other:0
冶疗,1569,tumor:1,other:0
腹股沟,1570,tumor:1,other:1
手上,1571,tumor:2,other:3
越来越,1572,tumor:2,other:13
冲洗,1573,tumor:1,other:2
了解,1574,tumor:2,other:0
基因,1575,tumor:6,other:1
两次,1576,tumor:1,other:11
胸疼,1577,tumor:1,other:0
无痰,1578,tumor:1,other:0
有白,1579,tumor:1,other:0
气急,1580,tumor:1,other:0
治能,1581,tumor:1,other:0
胃泌素,1582,tumor:2,other:0
释放,1583,tumor:2,other:0
前体,1584,tumor:2,other:0
肝移植术,1585,tumor:1,other:0
多发性,1586,tumor:1,other:0
上肢截肢术,1587,tumor:2,other:0
下床,1588,tumor:2,other:0
活动,1589,tumor:4,other:2
失衡,1590,tumor:2,other:0
坠胀,1591,tumor:1,other:2
希望,1592,tumor:2,other:2
腿部,1593,tumor:1,other:4
锻炼身体,1594,tumor:1,other:0
距离,1595,tumor:1,other:0
所有,1596,tumor:2,other:0
抵抗,1597,tumor:1,other:1
参加,1598,tumor:2,other:0
俱乐部,1599,tumor:2,other:0
十二天,1600,tumor:1,other:0
有胃病,1601,tumor:1,other:0
胎盘,1602,tumor:1,other:0
包含,1603,tumor:1,other:0
怎样治,1604,tumor:1,other:0
阴影,1605,tumor:2,other:0
关节疼,1606,tumor:1,other:0
咳嗦,1607,tumor:1,other:0
缺钾,1608,tumor:1,other:1
口腔粘膜,1609,tumor:3,other:0
白膜,1610,tumor:3,other:0
脑梗,1611,tumor:1,other:0
改道,1612,tumor:2,other:0
脑袋,1613,tumor:2,other:5
定量,1614,tumor:1,other:1
提高,1615,tumor:1,other:1
做过,1616,tumor:4,other:4
明白,1617,tumor:1,other:0
切线野,1618,tumor:2,other:0
原理,1619,tumor:1,other:0
学科,1620,tumor:2,other:0
涵义,1621,tumor:2,other:0
侵润性,1622,tumor:2,other:0
肠梗阻,1623,tumor:1,other:3
开塞露,1624,tumor:1,other:0
尾骨,1625,tumor:2,other:0
到底,1626,tumor:2,other:6
膀胱炎,1627,tumor:1,other:1
能要,1628,tumor:2,other:1
通过,1629,tumor:1,other:4
指诊,1630,tumor:1,other:0
残胃癌,1631,tumor:100,other:0
转肝,1632,tumor:1,other:0
cea,1633,tumor:2,other:0
乳癌,1634,tumor:100,other:0
疼有,1635,tumor:1,other:2
不严,1636,tumor:1,other:0
寿命,1637,tumor:1,other:0
夫妻,1638,tumor:2,other:0
狗肉,1639,tumor:1,other:0
肺有,1640,tumor:1,other:0
确珍,1641,tumor:1,other:0
部分,1642,tumor:1,other:0
这次,1643,tumor:1,other:0
达标,1644,tumor:1,other:1
立体定向放射外科,1645,tumor:2,other:0
乳腺炎,1646,tumor:1,other:0
诱因,1647,tumor:1,other:0
术中,1648,tumor:1,other:0
性囊,1649,tumor:1,other:0
胆囊息肉,1650,tumor:1,other:1
肺气肿,1651,tumor:1,other:0
例子,1652,tumor:1,other:0
冻出,1653,tumor:1,other:0
有医,1654,tumor:1,other:0
性质,1655,tumor:1,other:0
检測,1656,tumor:1,other:0
适用,1657,tumor:1,other:0
胃上,1658,tumor:1,other:0
胀痛,1659,tumor:1,other:10
干呕,1660,tumor:1,other:1
求助,1661,tumor:1,other:1
知识,1662,tumor:1,other:0
肝能,1663,tumor:1,other:0
布洛芬,1664,tumor:1,other:5
人参皂苷,1665,tumor:1,other:0
拔针,1666,tumor:1,other:0
针扎,1667,tumor:1,other:1
出血了,1668,tumor:3,other:9
两支,1669,tumor:1,other:0
流汗,1670,tumor:1,other:4
切开,1671,tumor:1,other:1
一整片,1672,tumor:1,other:0
胃痛,1673,tumor:1,other:2
食管,1674,tumor:1,other:2
乳头状瘤,1675,tumor:100,other:0
那块,1676,tumor:1,other:1
后来,1677,tumor:1,other:4
直肠指检,1678,tumor:1,other:0
特效药,1679,tumor:2,other:2
疼痛感,1680,tumor:3,other:10
血尿,1681,tumor:2,other:0
嗳气,1682,tumor:1,other:0
外婆,1683,tumor:1,other:0
脂肪肝,1684,tumor:2,other:1
转换成,1685,tumor:1,other:0
卡培他滨,1686,tumor:1,other:0
咽癌,1687,tumor:100,other:0
尿道,1688,tumor:1,other:1
高级别,1689,tumor:1,other:0
那个,1690,tumor:1,other:4
药要,1691,tumor:1,other:0
张口,1692,tumor:1,other:2
如果,1693,tumor:1,other:3
支气管,1694,tumor:2,other:1
截断,1695,tumor:1,other:0
平时,1696,tumor:1,other:9
骨该,1697,tumor:1,other:0
小叶,1698,tumor:1,other:1
用药,1699,tumor:1,other:3
造瘘,1700,tumor:100,other:1
变黑,1701,tumor:1,other:0
射波刀,1702,tumor:1,other:0
吗啡,1703,tumor:2,other:0
螺旋,1704,tumor:2,other:0
断层,1705,tumor:1,other:0
可力洛,1706,tumor:1,other:0
降压片,1707,tumor:1,other:0
生殖细胞瘤,1708,tumor:100,other:0
诊断性,1709,tumor:1,other:0
小便,1710,tumor:1,other:11
结肠癌根治术,1711,tumor:100,other:0
治愈率,1712,tumor:1,other:0
眼部,1713,tumor:2,other:6
七十一岁,1714,tumor:1,other:0
头发,1715,tumor:1,other:3
腰椎,1716,tumor:1,other:9
退行性,1717,tumor:1,other:0
监测,1718,tumor:1,other:1
状态,1719,tumor:1,other:1
姜黄,1720,tumor:1,other:0
平常,1721,tumor:2,other:8
驼背,1722,tumor:2,other:0
培门冬,1723,tumor:1,other:0
下来,1724,tumor:1,other:0
有药,1725,tumor:1,other:0
可治,1726,tumor:1,other:0
儿童医院,1727,tumor:1,other:0
红肉,1728,tumor:1,other:0
引起,1729,tumor:2,other:3
肝区,1730,tumor:2,other:1
淋巴细胞,1731,tumor:1,other:0
洗掉,1732,tumor:2,other:0
智力,1733,tumor:1,other:0
要用,1734,tumor:2,other:1
蜡块,1735,tumor:2,other:0
麝香,1736,tumor:1,other:1
多大,1737,tumor:1,other:0
止吐,1738,tumor:1,other:0
半夜,1739,tumor:2,other:5
点到点,1740,tumor:2,other:0
打隔,1741,tumor:1,other:1
十二,1742,tumor:1,other:0
脂肠,1743,tumor:1,other:0
球部,1744,tumor:1,other:0
口鼻腔,1745,tumor:1,other:0
粘膜炎,1746,tumor:1,other:0
指检血,1747,tumor:1,other:0
偏左,1748,tumor:1,other:0
深层,1749,tumor:1,other:0
有治,1750,tumor:1,other:2
麻醉,1751,tumor:1,other:2
外阴,1752,tumor:1,other:0
长出,1753,tumor:1,other:3
日照,1754,tumor:1,other:0
天天,1755,tumor:1,other:7
胃酸,1756,tumor:1,other:2
冲突,1757,tumor:1,other:1
结直肠癌,1758,tumor:100,other:0
后要,1759,tumor:1,other:0
典型,1760,tumor:1,other:0
沙棘,1761,tumor:1,other:0
希要,1762,tumor:1,other:0
免疫力,1763,tumor:2,other:4
保护,1764,tumor:1,other:0
放射区,1765,tumor:1,other:0
恶性胸腺瘤,1766,tumor:100,other:0
合并,1767,tumor:1,other:0
重症肌无力,1768,tumor:1,other:0
听说,1769,tumor:1,other:1
导管,1770,tumor:100,other:1
点状,1771,tumor:1,other:0
根部,1772,tumor:1,other:5
移动,1773,tumor:1,other:1
边界,1774,tumor:1,other:0
伽玛刀,1775,tumor:1,other:0
向下,1776,tumor:1,other:0
滴血,1777,tumor:1,other:1
背上,1778,tumor:2,other:1
差别,1779,tumor:1,other:0
高肝,1780,tumor:1,other:0
我妹,1781,tumor:1,other:0
骨髓移植,1782,tumor:1,other:1
吉奥,1783,tumor:2,other:0
药有,1784,tumor:2,other:2
胆管癌,1785,tumor:300,other:1
二年,1786,tumor:2,other:1
子宫肌瘤,1787,tumor:100,other:0
桂圆,1788,tumor:1,other:0
蛋白,1789,tumor:1,other:3
口干燥症,1790,tumor:1,other:0
尽快恢复,1791,tumor:1,other:0
小红点,1792,tumor:2,other:3
破皮,1793,tumor:2,other:4
野区,1794,tumor:1,other:0
酒窝,1795,tumor:1,other:0
软是,1796,tumor:1,other:0
坏事,1797,tumor:1,other:0
留有,1798,tumor:1,other:0
纱布,1799,tumor:1,other:0
这样,1800,tumor:1,other:9
超在,1801,tumor:1,other:0
超能,1802,tumor:1,other:1
照出,1803,tumor:1,other:0
腿疼,1804,tumor:1,other:7
BRCA,1805,tumor:1,other:0
会痛,1806,tumor:1,other:2
暴瘦斤,1807,tumor:1,other:0
除外,1808,tumor:1,other:0
门口,1809,tumor:1,other:0
左肺,1810,tumor:1,other:0
高位,1811,tumor:1,other:0
截瘫,1812,tumor:1,other:0
癌能,1813,tumor:100,other:0
紫色,1814,tumor:1,other:1
脑垂体,1815,tumor:1,other:0
泌乳素,1816,tumor:1,other:3
胸痛,1817,tumor:1,other:0
生白,1818,tumor:1,other:0
骨头痛,1819,tumor:1,other:0
IMRT,1820,tumor:1,other:0
走不稳,1821,tumor:1,other:0
癌胚抗原,1822,tumor:100,other:2
甲状腺癌,1823,tumor:100,other:1
骨肿瘤,1824,tumor:100,other:1
多形性腺瘤,1825,tumor:100,other:1
胆脂瘤,1826,tumor:100,other:1
人乳头瘤病毒,1827,tumor:100,other:1
pICC,1828,tumor:100,other:1
肌瘤,1829,tumor:100,other:2
鼻癌,1830,tumor:100,other:1
PICC,1831,tumor:100,other:0
洗鼻,1832,tumor:100,other:0
鼻咽器,1833,tumor:100,other:0
静脉导管,1834,tumor:100,other:0
阿片,1835,tumor:100,other:0
化学,1836,tumor:100,other:0
化学治疗,1837,tumor:100,other:0
普食,1838,tumor:100,other:0